,axis_major_length,axis_minor_length,area
0,265.17755536779055,101.99914616766539,21027
1,300.5878681744547,190.54210356354517,39999
2,415.36956853425824,82.14101678044906,25251
